Entry Id,Sport,Date,Title,SalaryCap,Score,Opp Score,Position,Entries,Opponent,Entry ($),Winnings ($),Link
S2821816856,mlb,MLB tournament,$35k,1651271700,Cancelled,25,110,/entry/CMUJBTRJW, voided
S2821123571,mlb,2022/04/28,$3K Thu MLB Ace (Single Entry),$35k,95.20,,302,352,Tournament,10,0,/entry/BWFILIGAP,
S2821119729,mlb,2022/04/28,$110 MLB Grand Slam (Winner-Take-All) ,$35k,76.50,,4,5,Tournament,25,0,/entry/CVIUGDYDR,
S2821062588,mlb,2022/04/28,$6K Thu MLB Pickoff (Single Entry),$35k,95.20,,236,282,Tournament,25,0,/entry/AMJUNAJHG,
S2821062270,mlb,2022/04/28,$3K Thu MLB Single (Single Entry),$35k,95.20,,558,714,Tournament,5,0,/entry/BOSRIXCUI,
S2821061936,mlb,2022/04/28,MLB Beat The Score: 125 ($200 Guaranteed),$35k,95.20,,67,79,Tournament,3,0,/entry/CDEBNLRKA,
S2821060730,mlb,2022/04/28,$10 MLB Head-To-Head (Experienced Players Excluded) ,$35k,76.50,0,2,2,2 player league,10,0,/entry/CRBOKBVIE,
S2821060259,mlb,2022/04/28,$25 MLB Head-To-Head (Experienced Players Excluded) ,$35k,95.20,0,2,2,2 player league,25,0,/entry/EDOPMOOHS,
S2821058905,mlb,2022/04/28,$110 MLB Grand Slam (Winner-Take-All) ,$35k,95.20,,4,4,Tournament,25,0,/entry/DTKLGJTRC,
S2820286913,mlb,2022/04/27,MLB tournament,$0k,0,,2470,16151,Tournament,0,0,/entry/DTYJSOYCX,
S2820286289,mlb,2022/04/27,$25 MLB Head-To-Head (Experienced Players Excluded) ,$35k,156.40,0,1,2,2 player league,25,45.00,/entry/BVRLXTHUP,
S2820119172,mlb,2022/04/27,$110 MLB Grand Slam (Winner-Take-All) ,$35k,156.40,,1,5,Tournament,25,110.00,/entry/BJXOTQQVU,
S2820119141,mlb,2022/04/27,$110 MLB Grand Slam (Winner-Take-All) ,$35k,90.10,,4,5,Tournament,25,0,/entry/FDTWYNNRQ,
S2820118594,mlb,2022/04/27,$5 MLB Head-To-Head (Experienced Players Excluded) ,$35k,90.10,0,2,2,2 player league,5,0,/entry/ALVXVZYJE,
S2820118562,mlb,2022/04/27,$10 MLB Head-To-Head (Experienced Players Excluded) ,$35k,90.10,0,1,2,2 player league,10,18.00,/entry/DSWOIIQIW,
S2820118492,mlb,2022/04/27,MLB $5 50/50 Contest (Experienced Players Excluded) (All Day),$35k,156.40,,2,10,10 player league,5,9.00,/entry/FEHULISOC,
S2820118375,mlb,2022/04/27,$25 MLB Head-To-Head (Experienced Players Excluded) ,$35k,90.10,0,2,2,2 player league,25,0,/entry/BKZJTOMLY,
S2820118272,mlb,2022/04/27,MLB $10 50/50 Contest (Experienced Players Excluded) (All Day),$35k,156.40,,2,10,10 player league,10,18.00,/entry/BPUNDLWTY,
S2819272733,mlb,2022/04/26,$110 MLB Grand Slam (Winner-Take-All) ,$35k,80.30,,5,5,Tournament,25,0,/entry/CPLWLVKMT,
S2819272564,mlb,2022/04/26,$110 MLB Grand Slam (Winner-Take-All) ,$35k,146.90,,3,5,Tournament,25,0,/entry/BGSDUAWYD,
S2819210049,mlb,2022/04/26,$250 MLB Small Squeeze,$35k,119.10,,47,100,Tournament,3,0,/entry/AKGFCGFMY,
S2819209926,mlb,2022/04/26,$250 MLB Small Squeeze,$35k,136.30,,24,100,Tournament,3,0,/entry/CMUIUSZBG,
S2819209765,mlb,2022/04/26,MLB tournament,$0k,0,,6012,14524,Tournament,0,0,/entry/EWVDIEYPO,
S2819209684,mlb,2022/04/26,MLB 20 player league (All Day),$35k,,,0,,Cancelled,2,0,/entry/DKICGDKLW, voided
S2819209477,mlb,2022/04/26,50/50 Contest ($2 - Top 50% Win) (All Day),$35k,,,1,4,Tournament,2,0,/entry/ASGTKICGQ, endedunmatched
S2819209427,mlb,2022/04/26,MLB 100 player league (All Day),$35k,,,0,,Cancelled,2,0,/entry/AXBWUJFNG, voided
S2819209406,mlb,2022/04/26,MLB 100 player league (All Day),$35k,,,0,,Cancelled,2,0,/entry/AKUCOTYME, voided
S2819209391,mlb,2022/04/26,MLB 20 player league (All Day),$35k,,,0,,Cancelled,2,0,/entry/EEQKTQVIA, voided
S2819209143,mlb,2022/04/26,$25 MLB Head-To-Head (Experienced Players Excluded) ,$35k,119.10,0,1,2,2 player league,25,45.00,/entry/AREYLGQIE,
S2819209062,mlb,2022/04/26,$10 MLB Head-To-Head (Experienced Players Excluded) ,$35k,146.90,0,1,2,2 player league,10,18.00,/entry/EECNHKOGA,
S2819209031,mlb,2022/04/26,MLB 2 player league (All Day),$35k,,,0,,Cancelled,1,0,/entry/CEFXAHCGY, voided
S2819209018,mlb,2022/04/26,$2 MLB Head-To-Head (Experienced Players Excluded) ,$35k,136.30,0,1,2,2 player league,2,3.60,/entry/CXMKOHWIU,
S2819209000,mlb,2022/04/26,MLB 10 player league (All Day),$35k,,,0,,Cancelled,1,0,/entry/AUYGVVCUM, voided
S2819208985,mlb,2022/04/26,$5 MLB Head-To-Head (Experienced Players Excluded) ,$35k,80.30,0,2,2,2 player league,5,0,/entry/CKQSWIPHC,
S2819208953,mlb,2022/04/26,MLB $5 50/50 Contest (Experienced Players Excluded) (All Day),$35k,136.30,,2,10,10 player league,5,9.00,/entry/AYRPGNIFK,
S2819208917,mlb,2022/04/26,MLB $25 50/50 Contest (Experienced Players Excluded) (All Day),$35k,136.30,,3,10,10 player league,25,45.00,/entry/DEZBJSHEQ,
S2818544094,mlb,2022/04/25,$25 MLB Head-To-Head (Experienced Players Excluded) ,$35k,90.90,0,2,2,2 player league,25,0,/entry/CWKQAOZFI,
S2818543238,mlb,2022/04/25,$110 MLB Grand Slam (Winner-Take-All) ,$35k,49.40,,5,5,Tournament,25,0,/entry/BLNHKKBWO,
S2818542355,mlb,2022/04/25,$250 MLB Small Squeeze,$35k,49.40,,100,100,Tournament,3,0,/entry/EURNRVJWG,
S2818542333,mlb,2022/04/25,$250 MLB Small Squeeze,$35k,90.90,,85,100,Tournament,3,0,/entry/CNWEBYYZE,
S2818541591,mlb,2022/04/25,MLB tournament,$35k,,,0,,Cancelled,4.44,0,/entry/AICPMLOOC, voided
S2818541593,mlb,2022/04/25,MLB tournament,$35k,,,0,,Cancelled,4.44,0,/entry/AHORZUCQG, voided
S2818294756,mlb,2022/04/25,MLB tournament,$0k,1,,107,16431,Tournament,0,0,/entry/BSZXUATBU,
S2818294707,mlb,2022/04/25,50/50 Contest ($1 - Top 50% Win) (All Day),$35k,,,1,11,Tournament,1,0,/entry/AHORRLVSK, endedunmatched
S2818294664,mlb,2022/04/25,50/50 Contest ($2 - Top 50% Win) (All Day),$35k,90.90,,19,20,20 player league,2,0,/entry/BQWHVQJHQ,
S2818294638,mlb,2022/04/25,50/50 Contest ($2 - Top 50% Win) (All Day),$35k,,,1,26,Tournament,2,0,/entry/ESNXLRQYS, endedunmatched
S2818294608,mlb,2022/04/25,50/50 Contest ($5 - Top 50% Win) (All Day),$35k,,,1,34,Tournament,5,0,/entry/DJGHHBYNQ, endedunmatched
S2818294464,mlb,2022/04/25,$250 MLB Small Squeeze,$35k,90.90,,82,100,Tournament,3,0,/entry/BIHWBATOS,
S2818294142,mlb,2022/04/25,MLB 10 player league (All Day),$35k,,,0,,Cancelled,50,0,/entry/AVMEOBZQO, voided
S2818294126,mlb,2022/04/25,MLB $10 50/50 Contest (Experienced Players Excluded) (All Day),$35k,49.40,,10,10,10 player league,10,0,/entry/BQIKJKCFQ,
S2818294075,mlb,2022/04/25,$25 MLB Head-To-Head (Experienced Players Excluded) ,$35k,90.90,0,2,2,2 player league,25,0,/entry/DRUTCKEZQ,
S2818294046,mlb,2022/04/25,MLB 10 player league (All Day),$35k,,,0,,Cancelled,5,0,/entry/AQRAZAJGK, voided
S2818294037,mlb,2022/04/25,$10 MLB Head-To-Head (Experienced Players Excluded) ,$35k,49.40,0,2,2,2 player league,10,0,/entry/BCYVJMKMK,
S2818294024,mlb,2022/04/25,MLB 10 player league (All Day),$35k,,,0,,Cancelled,2,0,/entry/DJGHHUPGS, voided
S2818294010,mlb,2022/04/25,MLB 10 player league (All Day),$35k,,,0,,Cancelled,2,0,/entry/CPZTYMWLE, voided
S2818293979,mlb,2022/04/25,$5 MLB Head-To-Head (Experienced Players Excluded) ,$35k,90.90,0,2,2,2 player league,5,0,/entry/BAVFKUOVA,
S2818293948,mlb,2022/04/25,MLB 2 player league (All Day),$35k,,,0,,Cancelled,5,0,/entry/BBJCSLNPI, voided
S2818293890,mlb,2022/04/25,MLB 10 player league (All Day),$35k,,,0,,Cancelled,1,0,/entry/BOSSCGMRA, voided
S2818293817,mlb,2022/04/25,MLB 10 player league (All Day),$35k,,,0,,Cancelled,1,0,/entry/BHTYONAPM, voided
S2818293778,mlb,2022/04/25,MLB 2 player league (All Day),$35k,,,0,,Cancelled,1,0,/entry/BPGPPFKMC, voided
S2818293763,mlb,2022/04/25,MLB 2 player league (All Day),$35k,,,0,,Cancelled,2,0,/entry/ADHLUFXIG, voided
S2818293753,mlb,2022/04/25,MLB 2 player league (All Day),$35k,,,0,,Cancelled,1,0,/entry/CXMKUETEG, voided
S2818293301,mlb,2022/04/25,MLB $5 50/50 Contest (Experienced Players Excluded) (All Day),$35k,49.40,,9,10,10 player league,5,0,/entry/EDASNUUHE,
S2817783849,mlb,2022/04/24,MLB tournament,$0k,0,,10558,10610,Tournament,0,0,/entry/FBQFCFORI,
S2817783584,mlb,2022/04/24,MLB tournament,$35k,,,0,,Cancelled,3,0,/entry/DOBJANQUS, voided
S2817783589,mlb,2022/04/24,MLB tournament,$35k,,,0,,Cancelled,3,0,/entry/DIEKRDPSK, voided
S2817783107,mlb,2022/04/24,MLB $10 50/50 Contest (Experienced Players Excluded) (All Day),$35k,190.60,,1,10,10 player league,10,18.00,/entry/ELBEZOCES,
S2817783050,mlb,2022/04/24,MLB 10 player league (All Day),$35k,,,0,,Cancelled,5,0,/entry/CLSMFNGZI, voided
S2817782914,mlb,2022/04/24,$25 MLB Head-To-Head (Experienced Players Excluded) ,$35k,190.60,0,1,2,2 player league,25,45.00,/entry/DSIOYBBCC,
S2817782850,mlb,2022/04/24,MLB $5 50/50 Contest (Experienced Players Excluded) (All Day),$35k,190.60,,1,10,10 player league,5,9.00,/entry/AXBVEISIK,
S2817782677,mlb,2022/04/24,MLB 2 player league (All Day),$35k,,,0,,Cancelled,5,0,/entry/FFJNNIYYC, voided
S2817782604,mlb,2022/04/24,$10 MLB Head-To-Head (Experienced Players Excluded) ,$35k,190.60,0,1,2,2 player league,10,18.00,/entry/DMLQPCEVQ,
S2817782415,mlb,2022/04/24,MLB 2 player league (All Day),$35k,,,0,,Cancelled,2,0,/entry/EJLMNYXHA, voided
S2817782340,mlb,2022/04/24,MLB 2 player league (All Day),$35k,,,0,,Cancelled,1,0,/entry/EHHWPHBPQ, voided
S2817782218,mlb,2022/04/24,MLB 2 player league (All Day),$35k,,,0,,Cancelled,1,0,/entry/DMZOBXJSC, voided
S2817005205,mlb,2022/04/23,MLB tournament,$0k,1,,2936,13265,Tournament,0,0,/entry/BFCJJGOHI,
S2816999125,mlb,2022/04/23,$5 MLB Head-To-Head (Experienced Players Excluded) ,$35k,140,0,1,2,2 player league,5,9.00,/entry/DQSWMTICK,
S2816999066,mlb,2022/04/23,MLB $2 50/50 Contest (Experienced Players Excluded) (All Day),$35k,205.60,,1,10,10 player league,2,3.60,/entry/CGJLJCDSW,
S2816999023,mlb,2022/04/23,$10 MLB Head-To-Head (Experienced Players Excluded) ,$35k,120.30,0,2,2,2 player league,10,0,/entry/CEFVKKIBM,
S2816998969,mlb,2022/04/23,$25 MLB Head-To-Head (Experienced Players Excluded) ,$35k,202.10,0,1,2,2 player league,25,45.00,/entry/COXXDVMKK,
S2816922782,mlb,2022/04/23,50/50 Contest ($1 - Top 50% Win) (All Day),$35k,,,1,5,Tournament,1,0,/entry/BLNFTNFAL, endedunmatched
S2816922623,mlb,2022/04/23,50/50 Contest ($2 - Top 50% Win) (All Day),$35k,,,1,2,20 player league,2,0,/entry/COKABXRMT, endedunmatched
S2816922540,mlb,2022/04/23,50/50 Contest ($2 - Top 50% Win) (All Day),$35k,140,,13,20,20 player league,2,0,/entry/CKQRRJFAL,
S2816922472,mlb,2022/04/23,50/50 Contest ($5 - Top 50% Win) (All Day),$35k,140,,10,20,20 player league,5,9.00,/entry/CUGYLAGRV,
S2816922203,mlb,2022/04/23,$250 MLB Small Squeeze,$35k,140,,48,100,Tournament,3,0,/entry/AUYFQVSNV,
S2816922205,mlb,2022/04/23,$250 MLB Small Squeeze,$35k,205.60,,9,100,Tournament,3,7.00,/entry/AUKIEEGPZ,
S2816922207,mlb,2022/04/23,$250 MLB Small Squeeze,$35k,202.10,,12,100,Tournament,3,7.00,/entry/ATWKRMUSD,
S2816919902,mlb,2022/04/23,MLB $25 50/50 Contest (Experienced Players Excluded) (All Day),$35k,205.60,,2,10,10 player league,25,45.00,/entry/DTKKKLHCP,
S2816919710,mlb,2022/04/23,$10 MLB Head-To-Head (Experienced Players Excluded) ,$35k,202.10,0,1,2,2 player league,10,18.00,/entry/EKNHZUFNB,
S2816919631,mlb,2022/04/23,$5 MLB Head-To-Head (Experienced Players Excluded) ,$35k,205.60,0,1,2,2 player league,5,9.00,/entry/DNNMAXNBR,
S2816919548,mlb,2022/04/23,MLB $1 50/50 Contest (Experienced Players Excluded) (All Day),$35k,140,,3,10,10 player league,1,1.80,/entry/ARSUURLIT,
S2816919493,mlb,2022/04/23,$2 MLB Head-To-Head (Experienced Players Excluded) ,$35k,140,0,2,2,2 player league,2,0,/entry/BZYPZFPFB,
S2816919458,mlb,2022/04/23,$2 MLB Head-To-Head (Experienced Players Excluded) ,$35k,140,0,2,2,2 player league,2,0,/entry/CKCUFZHQD,
S2816919426,mlb,2022/04/23,$1 MLB Head-To-Head (Experienced Players Excluded) ,$35k,140,0,1,2,2 player league,1,1.80,/entry/CVWQYTJUT,
S2816919356,mlb,2022/04/23,$25 MLB Head-To-Head (Experienced Players Excluded) ,$35k,120.30,0,2,2,2 player league,25,0,/entry/EQYDWDEKL,
S2816919297,mlb,2022/04/23,MLB $5 50/50 Contest (Experienced Players Excluded) (All Day),$35k,205.60,,1,10,10 player league,5,9.00,/entry/DPDENJBRB,
S2816919191,mlb,2022/04/23,MLB $10 50/50 Contest (Experienced Players Excluded) (All Day),$35k,140,,4,10,10 player league,10,18.00,/entry/BSZWQUCEH,
S2816223980,mlb,2022/04/22,$25 MLB Head-To-Head (Experienced Players Excluded) ,$35k,111.10,0,2,2,2 player league,25,0,/entry/ATWKCDVKK,
S2816223001,mlb,2022/04/22,MLB tournament,$35k,,,0,,Cancelled,1,0,/entry/BMPAECBIW, voided
S2816222980,mlb,2022/04/22,MLB tournament,$35k,,,0,,Cancelled,2,0,/entry/ADVHMOZRM, voided
S2816222936,mlb,2022/04/22,MLB tournament,$35k,,,0,,Cancelled,1,0,/entry/EDOOBDJMW, voided
S2816222878,mlb,2022/04/22,MLB tournament,$35k,,,0,,Cancelled,2,0,/entry/ESNVRQTHI, voided
S2816222326,mlb,2022/04/22,MLB tournament,$35k,,,0,,Cancelled,1,0,/entry/DISIAYMSW, voided
S2816222290,mlb,2022/04/22,MLB tournament,$35k,,,0,,Cancelled,1,0,/entry/EURLQQAVY, voided
S2816222219,mlb,2022/04/22,MLB tournament,$35k,,,0,,Cancelled,2,0,/entry/DSWMHOMFI, voided
S2816221657,mlb,2022/04/22,MLB tournament,$0k,1,,743,15563,Tournament,0,0,/entry/EOGPZSTXY,
S2816219335,mlb,2022/04/22,MLB $25 50/50 Contest (Experienced Players Excluded) (All Day),$35k,123.50,,3,10,10 player league,25,45.00,/entry/FDFXRRLEO,
S2816025847,mlb,2022/04/22,$250 MLB Small Squeeze,$35k,117.40,,46,100,Tournament,3,0,/entry/CAMNBDKDH,
S2816025849,mlb,2022/04/22,$250 MLB Small Squeeze,$35k,123.50,,37,100,Tournament,3,0,/entry/BZYPOLYFL,
S2816025719,mlb,2022/04/22,$250 MLB Small Squeeze,$35k,111.10,,38,100,Tournament,3,0,/entry/CKCTVFQQN,
S2816025411,mlb,2022/04/22,$25 MLB Head-To-Head (Experienced Players Excluded) ,$35k,111.10,0,1,2,2 player league,25,45.00,/entry/EOGPUSGUV,
S2816025358,mlb,2022/04/22,MLB $2 50/50 Contest (Experienced Players Excluded) (All Day),$35k,117.40,,4,10,10 player league,2,3.60,/entry/CETSYJINL,
S2816025330,mlb,2022/04/22,$5 MLB Head-To-Head (Experienced Players Excluded) ,$35k,123.50,0,1,2,2 player league,5,9.00,/entry/CRPKQQBMJ,
S2816025161,mlb,2022/04/22,$2 MLB Head-To-Head (Experienced Players Excluded) ,$35k,117.40,0,1,2,2 player league,2,3.60,/entry/BCYTPWRRH,
S2816025146,mlb,2022/04/22,$1 MLB Head-To-Head (Experienced Players Excluded) ,$35k,111.10,0,2,2,2 player league,1,0,/entry/BAHGENKCB,
S2816025131,mlb,2022/04/22,$1 MLB Head-To-Head (Experienced Players Excluded) ,$35k,117.40,0,2,2,2 player league,1,0,/entry/BPULHOMVT,
S2816025106,mlb,2022/04/22,MLB $1 50/50 Contest (Experienced Players Excluded) (All Day),$35k,111.10,,2,10,10 player league,1,1.80,/entry/EVTGVSCOR,
S2816025070,mlb,2022/04/22,$10 MLB Head-To-Head (Experienced Players Excluded) ,$35k,123.50,0,1,2,2 player league,10,18.00,/entry/AHASQIXBP,
S2815885367,mlb,2022/04/22,$25 MLB Head-To-Head (Experienced Players Excluded) ,$35k,117.40,0,1,2,2 player league,25,45.00,/entry/BGSCFTDEL,
S2815885284,mlb,2022/04/22,MLB 2 player league (Main),$35k,,,0,,Cancelled,25,0,/entry/DUMFEEUAX, voided
S2815463030,mlb,2022/04/21,$10 MLB Head-To-Head (Experienced Players Excluded) ,$35k,77,0,2,2,2 player league,10,0,/entry/DKIBKEXWV,
S2815462942,mlb,2022/04/21,$1 MLB Head-To-Head (Experienced Players Excluded) ,$35k,77,0,2,2,2 player league,1,0,/entry/CRBNVWRXT,
S2815462925,mlb,2022/04/21,$2 MLB Head-To-Head (Experienced Players Excluded) ,$35k,77,0,2,2,2 player league,2,0,/entry/BCKWZSQKJ,
S2815462822,mlb,2022/04/21,$5 MLB Head-To-Head (Experienced Players Excluded) ,$35k,77,0,2,2,2 player league,5,0,/entry/BHTXWLFOV,
S2815189703,mlb,2022/04/21,MLB tournament,$0k,,,0,,Cancelled,0,0,/entry/CNIEIXXZM, voided
S2815189494,mlb,2022/04/21,$10 MLB Head-To-Head (Experienced Players Excluded) ,$35k,116,0,1,2,2 player league,10,18.00,/entry/FBCHHNHUO,
S2815189293,mlb,2022/04/21,$2 MLB Head-To-Head (Experienced Players Excluded) ,$35k,116,0,1,2,2 player league,2,3.60,/entry/CQNPGYRMO,
S2815189242,mlb,2022/04/21,$5 MLB Head-To-Head (Experienced Players Excluded) ,$35k,116,0,1,2,2 player league,5,9.00,/entry/ELBERJOHE,
S2815189143,mlb,2022/04/21,$2 MLB Head-To-Head (Experienced Players Excluded) ,$35k,116,0,1,2,2 player league,2,3.60,/entry/CPLUHMASG,
S2815189074,mlb,2022/04/21,$1 MLB Head-To-Head (Experienced Players Excluded) ,$35k,116,0,1,2,2 player league,1,1.80,/entry/AXBUVSZPA,
S2815188946,mlb,2022/04/21,MLB $25 50/50 Contest (Experienced Players Excluded) (All Day),$35k,116,,1,10,10 player league,25,45.00,/entry/ENEUPXQZY,
S2815188914,mlb,2022/04/21,MLB $10 50/50 Contest (Experienced Players Excluded) (All Day),$35k,116,,3,10,10 player league,10,18.00,/entry/EAJCYCCWW,
S2815188896,mlb,2022/04/21,MLB $2 50/50 Contest (Experienced Players Excluded) (All Day),$35k,116,,2,10,10 player league,2,3.60,/entry/DADWBPVUG,
S2814302612,mlb,2022/04/20,MLB $1 50/50 Contest (Experienced Players Excluded) (All Day),$35k,187.60,,1,10,10 player league,1,1.80,/entry/DJGGEGMNN,
S2814302420,mlb,2022/04/20,50/50 Contest ($1 - Top 50% Win) (All Day),$35k,,,1,8,Tournament,1,0,/entry/AEXDCVXHF, endedunmatched
S2814302360,mlb,2022/04/20,50/50 Contest ($1 - Top 50% Win) (All Day),$35k,,,1,7,Tournament,1,0,/entry/EOUOCARCH, endedunmatched
S2814302302,mlb,2022/04/20,50/50 Contest ($1 - Top 50% Win) (All Day),$35k,187.60,,2,50,50 player league,1,1.80,/entry/BBJBOXKWD,
S2814302229,mlb,2022/04/20,$1 MLB Head-To-Head (Experienced Players Excluded) ,$35k,187.60,0,1,2,2 player league,1,1.80,/entry/DCVKIEZNJ,
S2814301867,mlb,2022/04/20,MLB 20 player league (All Day),$35k,,,0,,Cancelled,10,0,/entry/AQDCJFZLF, voided
S2814301798,mlb,2022/04/20,$10 MLB Head-To-Head (Experienced Players Excluded) ,$35k,187.60,0,1,2,2 player league,10,18.00,/entry/FDTVONQJN,
S2814301741,mlb,2022/04/20,MLB $10 50/50 Contest (Experienced Players Excluded) (All Day),$35k,187.60,,1,10,10 player league,10,18.00,/entry/CLSMSZUBN,
S2814242440,mlb,2022/04/20,MLB 2 player league (Main),$35k,,,0,,Cancelled,25,0,/entry/DWBXTMXPG, voided
S2814242315,mlb,2022/04/20,MLB 10 player league (Main),$35k,,,0,,Cancelled,10,0,/entry/CQNPZWWMI, voided
S2814241745,mlb,2022/04/20,MLB $5 50/50 Contest (Experienced Players Excluded) (All Day),$35k,187.60,,1,10,10 player league,5,9.00,/entry/FBQFNKKPK,
S2814241637,mlb,2022/04/20,$25 MLB Head-To-Head (Experienced Players Excluded) ,$35k,187.60,0,1,2,2 player league,25,45.00,/entry/EAXBDVMTC,
S2814241535,mlb,2022/04/20,$5 MLB Head-To-Head (Experienced Players Excluded) ,$35k,187.60,0,1,2,2 player league,5,9.00,/entry/EBKYQJFSI,
S2814241438,mlb,2022/04/20,MLB $1 50/50 Contest (Experienced Players Excluded) (All Day),$35k,187.60,,1,10,10 player league,1,1.80,/entry/DLXTNARBK,
S2814241376,mlb,2022/04/20,$1 MLB Head-To-Head (Experienced Players Excluded) ,$35k,187.60,0,1,2,2 player league,1,1.80,/entry/CEFVUPBIM,
S2813577899,mlb,2022/04/19,MLB Head-to-head (Main),$35k,78.90,135.4,2,2,tsparl,5,0,/entry/CVITUKERI,
S2813456823,mlb,2022/04/19,50/50 Contest ($2 - Top 50% Win) (Main),$35k,78.90,,93,100,Tournament,2,0,/entry/CAMNPEUUE,
S2813456705,mlb,2022/04/19,50/50 Contest ($1 - Top 50% Win) (Main),$35k,78.90,,45,50,50 player league,1,0,/entry/CMGKHYWYU,
S2813456637,mlb,2022/04/19,50/50 Contest ($1 - Top 50% Win) (Main),$35k,78.90,,47,50,50 player league,1,0,/entry/BIHVAJFPK,
S2813456567,mlb,2022/04/19,50/50 Contest ($1 - Top 50% Win) (Main),$35k,78.90,,91,100,Tournament,1,0,/entry/DTKKNTATW,
S2813456417,mlb,2022/04/19,50/50 Contest ($2 - Top 50% Win) (Main),$35k,78.90,,19,20,20 player league,2,0,/entry/BHTXNOASY,
S2813456270,mlb,2022/04/19,50/50 Contest ($2 - Top 50% Win) (Main),$35k,78.90,,20,20,20 player league,2,0,/entry/BRKEHQHGE,
S2813448909,mlb,2022/04/19,$25 MLB Head-To-Head (Experienced Players Excluded) ,$35k,78.90,0,1,2,2 player league,25,45.00,/entry/BYIXUUVNG,
S2813448615,mlb,2022/04/19,$150K Tue MLB Squeeze ($30K to 1st),$35k,78.90,,26701,33691,Tournament,5,0,/entry/DJGGKZSWA,
S2813448619,mlb,2022/04/19,$150K Tue MLB Squeeze ($30K to 1st),$35k,78.90,,26701,33691,Tournament,5,0,/entry/DISIYIGYE,
S2813445346,mlb,2022/04/19,$1K Tue MLB EPE Squeeze (No Experienced Players),$35k,78.80,,307,370,Tournament,3,0,/entry/DSIPUKSSA,
S2813445349,mlb,2022/04/19,$1K Tue MLB EPE Squeeze (No Experienced Players),$35k,78.90,,306,370,Tournament,3,0,/entry/DMZOXSDNO,
S2813445351,mlb,2022/04/19,$1K Tue MLB EPE Squeeze (No Experienced Players),$35k,78.80,,307,370,Tournament,3,0,/entry/DLXTYJFRW,
S2813444965,mlb,2022/04/19,MLB $5 50/50 Contest (Experienced Players Excluded) (Main),$35k,78.80,,6,10,10 player league,5,0,/entry/CFHRBGDHK,
S2813444827,mlb,2022/04/19,$10 MLB Head-To-Head (Experienced Players Excluded) ,$35k,78.80,0,2,2,2 player league,10,0,/entry/BVRKHDWUE,
S2813444595,mlb,2022/04/19,MLB 10 player league (Main),$35k,,,0,,Cancelled,2,0,/entry/AZTJIEZYY, voided
S2813444516,mlb,2022/04/19,$5 MLB Head-To-Head (Experienced Players Excluded) ,$35k,78.80,0,2,2,2 player league,5,0,/entry/DRUSDLKJS,
S2813444401,mlb,2022/04/19,MLB 2 player league (Main),$35k,,,0,,Cancelled,2,0,/entry/CPZSUYTNO, voided
S2813444317,mlb,2022/04/19,MLB 2 player league (Main),$35k,,,0,,Cancelled,1,0,/entry/BPULYBHPC, voided
S2813444196,mlb,2022/04/19,MLB 2 player league (Main),$35k,,,0,,Cancelled,1,0,/entry/BOSQYOQUU, voided
S2813303810,mlb,2022/04/19,MLB 10 player league (Main),$35k,,,0,,Cancelled,2,0,/entry/DGOTDJJWW, voided
S2813303738,mlb,2022/04/19,$5 MLB Head-To-Head (Experienced Players Excluded) ,$35k,78.80,0,2,2,2 player league,5,0,/entry/CLSNCXBFQ,
S2813303213,mlb,2022/04/19,MLB 10 player league (Main),$35k,,,0,,Cancelled,25,0,/entry/BJJQIAKIW, voided
S2813303133,mlb,2022/04/19,MLB $10 50/50 Contest (Experienced Players Excluded) (Main),$35k,78.90,,8,10,10 player league,10,0,/entry/BFQHWXACC,
S2813303107,mlb,2022/04/19,MLB $5 50/50 Contest (Experienced Players Excluded) (Main),$35k,78.80,,8,10,10 player league,5,0,/entry/AFLBAHAAW,
S2813303094,mlb,2022/04/19,$10 MLB Head-To-Head (Experienced Players Excluded) ,$35k,78.80,0,2,2,2 player league,10,0,/entry/AJEJKZFLU,
S2813303053,mlb,2022/04/19,MLB 10 player league (Main),$35k,,,0,,Cancelled,2,0,/entry/DQSXKDCHY, voided
S2813303018,mlb,2022/04/19,$5 MLB Head-To-Head (Experienced Players Excluded) ,$35k,78.80,0,2,2,2 player league,5,0,/entry/EYYSPNPVY,
S2813302974,mlb,2022/04/19,$5 MLB Head-To-Head (Experienced Players Excluded) ,$35k,78.80,0,1,2,2 player league,5,9.00,/entry/EFSFBJCVM,
S2813302882,mlb,2022/04/19,MLB 10 player league (Main),$35k,,,0,,Cancelled,1,0,/entry/CEFWIBOEG, voided
S2813302788,mlb,2022/04/19,MLB 10 player league (Main),$35k,,,0,,Cancelled,1,0,/entry/FAOLBVLMS, voided
S2813302741,mlb,2022/04/19,MLB 2 player league (Main),$35k,,,0,,Cancelled,2,0,/entry/BOETSIZMS, voided
S2813302705,mlb,2022/04/19,MLB 2 player league (Main),$35k,,,0,,Cancelled,2,0,/entry/CRPLMWACK, voided
S2813302608,mlb,2022/04/19,MLB 2 player league (Main),$35k,,,0,,Cancelled,1,0,/entry/DADXHTBSO, voided
S2813302570,mlb,2022/04/19,MLB 2 player league (Main),$35k,,,0,,Cancelled,1,0,/entry/ERMBTZMBM, voided
S2812279397,mlb,2022/04/18,MLB tournament,$0k,0,,3786,13956,Tournament,0,0,/entry/CNWCUOENM,
S2812279125,mlb,2022/04/18,$5 MLB Head-To-Head (Experienced Players Excluded) ,$35k,88.80,0,2,2,2 player league,5,0,/entry/CUUWDKWKC,
S2812279091,mlb,2022/04/18,MLB $2 50/50 Contest (Experienced Players Excluded) (All Day),$35k,108.10,,5,10,10 player league,2,3.60,/entry/CHZELHWJU,
S2812278703,mlb,2022/04/18,$250 MLB Small Squeeze,$35k,108.10,,35,100,Tournament,3,0,/entry/ABDUVWQIO,
S2812278702,mlb,2022/04/18,$250 MLB Small Squeeze,$35k,88.80,,59,100,Tournament,3,0,/entry/ABRSIOCGK,
S2812278628,mlb,2022/04/18,$10 MLB Head-To-Head (Experienced Players Excluded) ,$35k,108.10,0,1,2,2 player league,10,18.00,/entry/DUMFOCBGO,
S2812278601,mlb,2022/04/18,MLB $5 50/50 Contest (Experienced Players Excluded) (All Day),$35k,108.10,,4,10,10 player league,5,9.00,/entry/DZVGKUQLA,
S2812278523,mlb,2022/04/18,MLB $1 50/50 Contest (Experienced Players Excluded) (All Day),$35k,108.10,,4,10,10 player league,1,1.80,/entry/EJZKROIWC,
S2812278514,mlb,2022/04/18,$2 MLB Head-To-Head (Experienced Players Excluded) ,$35k,88.80,0,1,2,2 player league,2,3.60,/entry/EHHXGFBGW,
S2812278506,mlb,2022/04/18,$1 MLB Head-To-Head (Experienced Players Excluded) ,$35k,88.80,0,2,2,2 player league,1,0,/entry/CKQRWYPWG,
S2812278485,mlb,2022/04/18,MLB 10 player league (Main),$35k,,,0,,Cancelled,10,0,/entry/CEFWBAVUS, voided
S2812278470,mlb,2022/04/18,MLB 2 player league (Main),$35k,,,0,,Cancelled,2,0,/entry/CVWRDEZBQ, voided
S2812278463,mlb,2022/04/18,MLB 10 player league (Main),$35k,,,0,,Cancelled,1,0,/entry/CHZELTBFQ, voided
S2812278450,mlb,2022/04/18,MLB 2 player league (Main),$35k,,,0,,Cancelled,5,0,/entry/COKAHUOFU, voided
S2812278402,mlb,2022/04/18,MLB $5 50/50 Contest (Experienced Players Excluded) (All Day),$35k,88.80,,6,10,10 player league,5,0,/entry/BJXNNJRZY,
S2812278376,mlb,2022/04/18,MLB $2 50/50 Contest (Experienced Players Excluded) (All Day),$35k,108.10,,3,10,10 player league,2,3.60,/entry/BCYUFBXXU,
S2812278352,mlb,2022/04/18,$5 MLB Head-To-Head (Experienced Players Excluded) ,$35k,108.10,0,2,2,2 player league,5,0,/entry/AYROHHBTE,
S2812278326,mlb,2022/04/18,MLB $1 50/50 Contest (Experienced Players Excluded) (All Day),$35k,108.10,,3,10,10 player league,1,1.80,/entry/BOETKXCHI,
S2812278317,mlb,2022/04/18,$2 MLB Head-To-Head (Experienced Players Excluded) ,$35k,108.10,0,2,2,2 player league,2,0,/entry/BTNUHPRLU,
S2812278302,mlb,2022/04/18,$1 MLB Head-To-Head (Experienced Players Excluded) ,$35k,88.80,0,2,2,2 player league,1,0,/entry/BRKEIUCVU,
S2812278270,mlb,2022/04/18,$2 MLB Head-To-Head (Experienced Players Excluded) ,$35k,88.80,0,1,2,2 player league,2,3.60,/entry/BXVAEVPVY,
S2811862658,mlb,2022/04/17,$5 MLB Head-To-Head (Experienced Players Excluded) ,$35k,93.30,0,1,2,2 player league,5,9.00,/entry/CGJLCUBZX,
S2811862518,mlb,2022/04/17,$5 MLB Head-To-Head (Experienced Players Excluded) ,$35k,93.30,0,1,2,2 player league,5,9.00,/entry/BHFZFMZUJ,
S2811862351,mlb,2022/04/17,$2 MLB Head-To-Head (Experienced Players Excluded) ,$35k,93.30,0,1,2,2 player league,2,3.60,/entry/FAAMLIKRT,
S2811862138,mlb,2022/04/17,$1 MLB Head-To-Head (Experienced Players Excluded) ,$35k,93.30,0,1,2,2 player league,1,1.80,/entry/BZYPHAAWZ,
S2811660572,mlb,2022/04/17,$10 MLB Head-To-Head (Experienced Players Excluded) ,$35k,108.60,0,1,2,2 player league,10,18.00,/entry/AVMCPLTPG,
S2811660484,mlb,2022/04/17,MLB $2 50/50 Contest (Experienced Players Excluded) (All Day),$35k,108.60,,4,10,10 player league,2,3.60,/entry/BGEEIWXYE,
S2811660249,mlb,2022/04/17,$5 MLB Head-To-Head (Experienced Players Excluded) ,$35k,108.60,0,2,2,2 player league,5,0,/entry/ETPQRSHTW,
S2811660095,mlb,2022/04/17,$2 MLB Head-To-Head (Experienced Players Excluded) ,$35k,108.60,0,1,2,2 player league,2,3.60,/entry/CDEAIEVFK,
S2811659682,mlb,2022/04/17,MLB $5 50/50 Contest (Experienced Players Excluded) (All Day),$35k,108.60,,7,10,10 player league,5,0,/entry/BZKRXUBRS,
S2811659371,mlb,2022/04/17,$5 MLB Head-To-Head (Experienced Players Excluded) ,$35k,108.60,0,1,2,2 player league,5,9.00,/entry/BKZHTMYZG,
S2811659307,mlb,2022/04/17,$2 MLB Head-To-Head (Experienced Players Excluded) ,$35k,93.30,0,1,2,2 player league,2,3.60,/entry/CJAYSDUCE,
S2811659187,mlb,2022/04/17,MLB $10 50/50 Contest (Experienced Players Excluded) (All Day),$35k,108.60,,2,10,10 player league,10,18.00,/entry/BOESRYXIE,
S2811659094,mlb,2022/04/17,MLB $2 50/50 Contest (Experienced Players Excluded) (All Day),$35k,93.30,,7,10,10 player league,2,0,/entry/ATIMRUAOE,
S2811659013,mlb,2022/04/17,MLB $1 50/50 Contest (Experienced Players Excluded) (All Day),$35k,108.60,,2,10,10 player league,1,1.80,/entry/BCKVZEVDO,
S2811658927,mlb,2022/04/17,MLB $1 50/50 Contest (Experienced Players Excluded) (All Day),$35k,93.30,,6,10,10 player league,1,0,/entry/CWKNWUNBS,
S2811658799,mlb,2022/04/17,$1 MLB Head-To-Head (Experienced Players Excluded) ,$35k,93.30,0,1,2,2 player league,1,1.80,/entry/EAXARUHCA,
S2811658706,mlb,2022/04/17,$1 MLB Head-To-Head (Experienced Players Excluded) ,$35k,93.30,0,2,2,2 player league,1,0,/entry/EECLPVAPC,
S2811655292,mlb,2022/04/17,MLB 10 player league (Main),$35k,,,0,,Cancelled,10,0,/entry/CINBDERAM, voided
S2811655084,mlb,2022/04/17,MLB 10 player league (Main),$35k,,,0,,Cancelled,5,0,/entry/BAHFYFIII, voided
S2811654878,mlb,2022/04/17,MLB 10 player league (Main),$35k,,,0,,Cancelled,2,0,/entry/BWFGXPJZK, voided
S2811654770,mlb,2022/04/17,MLB 10 player league (Main),$35k,,,0,,Cancelled,2,0,/entry/DVNZSBKAQ, voided
S2811654220,mlb,2022/04/17,MLB 2 player league (Main),$35k,,,0,,Cancelled,5,0,/entry/CZCBGDPKI, voided
S2811653182,mlb,2022/04/17,MLB 2 player league (Main),$35k,,,0,,Cancelled,5,0,/entry/CFHQGEADS, voided
S2811653005,mlb,2022/04/17,MLB 2 player league (Main),$35k,,,0,,Cancelled,10,0,/entry/DLXTEDMFW, voided
S2811652761,mlb,2022/04/17,MLB 2 player league (Main),$35k,,,0,,Cancelled,2,0,/entry/DZVFQSPWY, voided
S2811652650,mlb,2022/04/17,MLB 2 player league (Main),$35k,,,0,,Cancelled,1,0,/entry/BAHGENJZK, voided
S2811652512,mlb,2022/04/17,MLB 10 player league (Main),$35k,,,0,,Cancelled,5,0,/entry/EQYDLCBKY, voided
S2811652399,mlb,2022/04/17,MLB 10 player league (Main),$35k,,,0,,Cancelled,10,0,/entry/DBTOXJTUU, voided
S2811651787,mlb,2022/04/17,MLB 10 player league (Main),$35k,,,0,,Cancelled,1,0,/entry/CEFVMDBIU, voided
S2811651599,mlb,2022/04/17,MLB 10 player league (Main),$35k,,,0,,Cancelled,1,0,/entry/BYIXCWTFC, voided
S2811651451,mlb,2022/04/17,MLB 2 player league (Main),$35k,,,0,,Cancelled,2,0,/entry/DRUROCLCQ, voided
S2811651357,mlb,2022/04/17,MLB 2 player league (Main),$35k,,,0,,Cancelled,1,0,/entry/COJZTAMSM, voided
S2811044502,mlb,2022/04/16,MLB tournament,$0k,1,,2463,11323,Tournament,0,0,/entry/CINBQJSDL,
S2810802708,mlb,2022/04/16,$5 MLB Head-To-Head (Experienced Players Excluded) ,$35k,67.80,0,2,2,2 player league,5,0,/entry/CYAGNCTGN,
S2810802626,mlb,2022/04/16,MLB $5 50/50 Contest (Experienced Players Excluded) (All Day),$35k,67.80,,9,10,10 player league,5,0,/entry/DRGUBOSEF,
S2810802495,mlb,2022/04/16,$25 MLB Head-To-Head (Experienced Players Excluded) ,$35k,,,1,1,2 player league,25,0,/entry/AWNXUGJLD, endedunmatched
S2810802286,mlb,2022/04/16,$10 MLB Head-To-Head (Experienced Players Excluded) ,$35k,67.80,0,2,2,2 player league,10,0,/entry/CWKOBJVKF,
S2810802104,mlb,2022/04/16,MLB $10 50/50 Contest (Experienced Players Excluded) (All Day),$35k,67.80,,7,10,10 player league,10,0,/entry/EXIZHWFEZ,
S2810071478,mlb,2022/04/15,$250 MLB Small Squeeze,$35k,126.50,,38,100,Tournament,3,0,/entry/CQNPUOXJC,
S2810071473,mlb,2022/04/15,$250 MLB Small Squeeze,$35k,126.50,,38,100,Tournament,3,0,/entry/AWNXWVMMI,
S2810069027,mlb,2022/04/15,MLB $5 50/50 Contest (Experienced Players Excluded) (All Day),$35k,126.50,,2,10,10 player league,5,9.00,/entry/CMUHQBAQQ,
S2809903592,mlb,2022/04/15,$5 MLB Head-To-Head (Experienced Players Excluded) ,$35k,126.50,0,1,2,2 player league,5,9.00,/entry/BVDLXGJOL,
S2809903524,mlb,2022/04/15,$10 MLB Head-To-Head (Experienced Players Excluded) ,$35k,126.50,0,1,2,2 player league,10,18.00,/entry/EBYVMKDSL,
S2809903428,mlb,2022/04/15,MLB $5 50/50 Contest (Experienced Players Excluded) (All Day),$35k,126.50,,2,10,10 player league,5,9.00,/entry/ANLOEFWBB,
S2809903310,mlb,2022/04/15,$25 MLB Head-To-Head (Experienced Players Excluded) ,$35k,126.50,0,1,2,2 player league,25,45.00,/entry/BCKVVIDPZ,
S2809903038,mlb,2022/04/15,MLB tournament,$0k,0,,9011,12828,Tournament,0,0,/entry/BOESOJRRV,
S2809373577,mlb,2022/04/14,MLB $5 50/50 Contest (Experienced Players Excluded) (All Day),$35k,85.50,,10,10,10 player league,5,0,/entry/EZMPCVCBZ,
S2809373513,mlb,2022/04/14,MLB $5 50/50 Contest (Experienced Players Excluded) (All Day),$35k,85.50,,6,10,10 player league,5,0,/entry/EGTZBEIAT,
S2809373072,mlb,2022/04/14,MLB tournament,$0k,0,,2032,16402,Tournament,0,0,/entry/BXUZMXNJN,
S2809274282,mlb,2022/04/14,$25 MLB Head-To-Head (Experienced Players Excluded) ,$35k,85.50,0,1,2,2 player league,25,45.00,/entry/DRURYZUYE,
S2809274004,mlb,2022/04/14,$10 MLB Head-To-Head (Experienced Players Excluded) ,$35k,85.50,0,1,2,2 player league,10,18.00,/entry/AWAASIOJK,
S2809273972,mlb,2022/04/14,MLB $10 50/50 Contest (Experienced Players Excluded) (All Day),$35k,85.50,,5,10,10 player league,10,18.00,/entry/BDMRNSZFG,
S2809273738,mlb,2022/04/14,MLB 2 player league (Main),$35k,,,0,,Cancelled,10,0,/entry/EXIZSMDCM, voided
S2809273528,mlb,2022/04/14,MLB 10 player league (All Day),$35k,,,0,,Cancelled,10,0,/entry/EDOORQEEE, voided
S2809273478,mlb,2022/04/14,MLB 2 player league (All Day),$35k,,,0,,Cancelled,25,0,/entry/COXXQWUJC, voided
S2809269650,mlb,2022/04/14,MLB 2 player league (Main),$35k,,,0,,Cancelled,10,0,/entry/DKIBKTVLC, voided
S2809016322,mlb,2022/04/13,MLB $5 50/50 Contest (Experienced Players Excluded) (After Hours),$35k,95.60,,9,10,10 player league,5,0,/entry/BQWGVGHCY,
S2809016204,mlb,2022/04/13,$5 MLB Head-To-Head (Experienced Players Excluded) ,$35k,95.60,0,2,2,2 player league,5,0,/entry/BBWZEPEJW,
S2809016092,mlb,2022/04/13,$10 MLB Head-To-Head (Experienced Players Excluded) ,$35k,95.60,0,2,2,2 player league,10,0,/entry/DLJWFUWWE,
S2809015560,mlb,2022/04/13,MLB 2 player league (After Hours),$35k,,,0,,Cancelled,25,0,/entry/BCYUEFOCU, voided
S2808804860,mlb,2022/04/13,$5 MLB Head-To-Head (Experienced Players Excluded) ,$0k,147.50,0,1,2,2 player league,5,9.00,/entry/EVTHSBUAT,
S2808804535,mlb,2022/04/13,$10 MLB Head-To-Head (Experienced Players Excluded) ,$0k,65.90,0,2,2,2 player league,10,0,/entry/DMZPASLHZ,
S2808803616,mlb,2022/04/13,$5 MLB Head-To-Head (Experienced Players Excluded) ,$0k,65.90,0,2,2,2 player league,5,0,/entry/DKIBPMWRJ,
S2808715356,mlb,2022/04/13,MLB $5 50/50 Contest (Experienced Players Excluded),$0k,65.90,,10,10,10 player league,5,0,/entry/AMXQUORWF,
S2808710891,mlb,2022/04/13,$5 MLB Head-To-Head (Experienced Players Excluded) ,$0k,147.50,0,1,2,2 player league,5,9.00,/entry/DLJVTIMND,
S2808710803,mlb,2022/04/13,$5 MLB Head-To-Head (Experienced Players Excluded) ,$0k,65.90,0,2,2,2 player league,5,0,/entry/DIEKRDPOF,
S2808710635,mlb,2022/04/13,$10 MLB Head-To-Head (Experienced Players Excluded) ,$0k,147.50,0,1,2,2 player league,10,18.00,/entry/CRBNBQYFD,
S2808710479,mlb,2022/04/13,MLB $5 50/50 Contest (Experienced Players Excluded),$0k,65.90,,10,10,10 player league,5,0,/entry/APPEJQYBL,
S2808709948,mlb,2022/04/13,$25 MLB Head-To-Head (Experienced Players Excluded) ,$0k,65.90,0,2,2,2 player league,25,0,/entry/CINBHBIMF,
S2808709851,mlb,2022/04/13,MLB $10 50/50 Contest (Experienced Players Excluded),$0k,65.90,,10,10,10 player league,10,0,/entry/EQYDIYDCV,
S2808708643,mlb,2022/04/13,MLB 2 player league,$0k,,,0,,Cancelled,25,0,/entry/BYIXBHSRL, voided
S2808485335,mlb,2022/04/13,MLB 10 player league,$0k,,,0,,Cancelled,10,0,/entry/CWKOTHXPG, voided
S2808484069,mlb,2022/04/13,MLB 10 player league,$0k,,,0,,Cancelled,25,0,/entry/EIJSKDHHG, voided
S2808481970,mlb,2022/04/13,MLB 10 player league,$0k,,,0,,Cancelled,25,0,/entry/BZYQEJVCA, voided
S2808481061,mlb,2022/04/13,MLB 10 player league,$0k,,,0,,Cancelled,50,0,/entry/DKIBIPXGA, voided
S2808481002,mlb,2022/04/13,MLB 10 player league,$0k,,,0,,Cancelled,10,0,/entry/EUDOZIDUM, voided
S2808480933,mlb,2022/04/13,MLB 10 player league,$0k,,,0,,Cancelled,25,0,/entry/DRGURMPCQ, voided
S2808147606,mlb,2022/04/12,MLB $25 50/50 Contest (Experienced Players Excluded) (Main),$35k,99.80,,3,10,10 player league,25,45.00,/entry/DMLRLTIGZ,
S2808085246,mlb,2022/04/12,MLB $10 50/50 Contest (Experienced Players Excluded) (Main),$35k,,,1,2,10 player league,10,0,/entry/CAMNYNEGK, endedunmatched
S2808084607,mlb,2022/04/12,MLB 10 player league (Main),$35k,,,0,,Cancelled,5,0,/entry/ABRSRACAG, voided
S2808022226,mlb,2022/04/12,MLB 10 player league (Main),$35k,,,0,,Cancelled,5,0,/entry/DDJIBLYTJ, voided
S2808021762,mlb,2022/04/12,MLB 2 player league (Main),$35k,,,0,,Cancelled,5,0,/entry/DLXTWFHKX, voided
S2807909166,mlb,2022/04/12,MLB 10 player league (Main),$35k,,,0,,Cancelled,25,0,/entry/BMBDFAVEN, voided
S2807904248,mlb,2022/04/12,MLB $10 50/50 Contest (Experienced Players Excluded) (Main),$35k,99.80,,2,10,10 player league,10,18.00,/entry/DPDERUQVH,
S2807903603,mlb,2022/04/12,$10 MLB Head-To-Head (Experienced Players Excluded) ,$35k,64.80,0,1,2,2 player league,10,18.00,/entry/CHLGZMUAZ,
S2807902786,mlb,2022/04/12,$2K Tue MLB EPE Squeeze (No Experienced Players),$35k,64.80,,349,461,Tournament,3,0,/entry/CRPLCCJAF,
S2807902753,mlb,2022/04/12,$2K Tue MLB EPE Squeeze (No Experienced Players),$35k,99.80,,208,461,Tournament,3,6.00,/entry/BJJPXGTGR,
S2807902737,mlb,2022/04/12,$2K Tue MLB EPE Squeeze (No Experienced Players),$35k,136.40,,69,461,Tournament,3,8.00,/entry/FBQFQDGIZ,
S2807699245,mlb,2022/04/12,MLB 2 player league (Main),$35k,,,0,,Cancelled,25,0,/entry/EDOOWMYKA, voided
S2807698851,mlb,2022/04/12,MLB 2 player league (Main),$35k,,,0,,Cancelled,10,0,/entry/FAANIVXWE, voided
S2807698330,mlb,2022/04/12,MLB $10 50/50 Contest (Experienced Players Excluded) (Main),$35k,64.80,,9,10,10 player league,10,0,/entry/BOSQYWCQM,
S2807698262,mlb,2022/04/12,MLB 10 player league (Main),$35k,,,0,,Cancelled,25,0,/entry/DCVKNMYIE, voided
S2807697000,mlb,2022/04/12,MLB tournament,$0k,0,,7013,14653,Tournament,0,0,/entry/CVWRFIXEQ,
S2807265134,mlb,2022/04/11,$2K Mon MLB Stolen Base (Single Entry),$35k,138.20,,66,1190,Tournament,2,6.00,/entry/DOBJGRZJN,
S2807237674,mlb,2022/04/11,$10 MLB Head-To-Head (Beginners Only) ,$35k,54.70,0,2,2,2 player league,10,0,/entry/BEAPNIAJJ,
S2807237532,mlb,2022/04/11,MLB $10 50/50 Contest (Beginners Only) (Main),$35k,,,1,3,10 player league,10,0,/entry/BAHHCTNXB, endedunmatched
S2807236256,mlb,2022/04/11,$10 MLB Head-To-Head (Beginners Only) ,$35k,108.80,0,2,2,2 player league,10,0,/entry/EQKGXFRFF,
S2807226206,mlb,2022/04/11,$10 MLB Head-To-Head (Beginners Only) ,$35k,138.20,0,1,2,2 player league,10,18.00,/entry/FAAMHWXWU,
S2807149681,mlb,2022/04/11,MLB 10 player league (Afternoon Only),$35k,,,0,,Cancelled,10,0,/entry/AABZHMFAJ, voided
S2807149186,mlb,2022/04/11,MLB 10 player league (Early Only),$35k,,,0,,Cancelled,10,0,/entry/CZPYZDCXH, voided
S2807149136,mlb,2022/04/11,MLB Beginner Mini Squeeze (Top 30 Win),$35k,67.10,,61,93,Tournament,3,0,/entry/DGAUVEPXL,
S2807148564,mlb,2022/04/11,MLB Beginner Mini Squeeze (Top 30 Win),$35k,54.70,,77,93,Tournament,3,0,/entry/FEHSRAIWB,
S2807148566,mlb,2022/04/11,MLB Beginner Mini Squeeze (Top 30 Win),$35k,35.20,,89,93,Tournament,3,0,/entry/FDTVEIWYF,
S2807148029,mlb,2022/04/11,MLB tournament,$0k,0,,985,11876,Tournament,0,0,/entry/EOUNNOBGN,
S2806906548,mlb,2022/04/10,100-Player Contest ($5 - Top 12 Win),$35k,146.90,,3,100,Tournament,5,45.00,/entry/DOBITUKEJ,
S2806896328,mlb,2022/04/10,$5 MLB Head-To-Head (Beginners Only) ,$35k,146.90,0,1,2,2 player league,5,9.00,/entry/CGXITXDEN,
S2806694812,mlb,2022/04/10,$5 MLB Head-To-Head (Beginners Only) ,$35k,146.90,0,1,2,2 player league,5,9.00,/entry/EKNHPAOJC,
S2806694611,mlb,2022/04/10,MLB 10 player league (All Day),$35k,,,0,,Cancelled,10,0,/entry/EGTZEEPZO, voided
S2806014301,mlb,2022/04/09,$5 MLB Head-To-Head (Beginners Only) ,$35k,140.80,0,1,2,2 player league,5,9.00,/entry/EGGCQATZI,
S2806014217,mlb,2022/04/09,MLB $5 50/50 Contest (Beginners Only) (All Day),$35k,140.80,,1,10,10 player league,5,9.00,/entry/CEFWKBTKG,
S2805982430,mlb,2022/04/09,MLB 2 player league (Main),$35k,,,0,,Cancelled,5,0,/entry/BSLYZCCZN, voided
S2805280071,mlb,2022/04/08,MLB $2 50/50 Contest (Beginners Only) (All Day),$35k,,,1,5,10 player league,2,0,/entry/BVRJPCBHI, endedunmatched
S2805279884,mlb,2022/04/08,MLB $2 Double Up (Beginners Only),$35k,127.70,,3,11,Tournament,2,4.00,/entry/BWFHBPUGO,
S2805216165,mlb,2022/04/08,MLB $2 Double Up (Beginners Only),$35k,127.70,,3,11,Tournament,2,4.00,/entry/ELBFDKTLZ,
S2805214948,mlb,2022/04/08,MLB tournament,$35k,,,0,,Cancelled,2,0,/entry/ELPCLYBXZ, voided
S2804707228,mlb,2022/04/07,MLB $2 50/50 Contest (Beginners Only) (Main),$35k,142.20,,1,10,10 player league,2,3.60,/entry/DGORXVBKL,
S2804707136,mlb,2022/04/07,MLB $2 Double Up (Beginners Only),$35k,142.20,,1,7,Tournament,2,4.00,/entry/EPIKUMJDZ,
S2804539249,mlb,2022/04/07,MLB $2 Double Up (Beginners Only),$35k,142.20,,1,11,Tournament,2,4.00,/entry/BFCKAIGRD,
S2736711728,nba,2022/01/12,$5 NBA Head-To-Head (Beginners Only) ,$60k,197.40,0,2,2,2 player league,5,0,/entry/EMRDZBUTP,
S2736710647,nba,2022/01/12,$10 NBA Head-To-Head (Beginners Only) ,$60k,197.40,0,2,2,2 player league,10,0,/entry/CTTHBGFMZ,
S2733086798,nba,2022/01/09,NBA Head-to-head (Main),$60k,245.20,322.3,2,2,GHO2,10,0,/entry/BJKFGCIJD,
S2733082189,nba,2022/01/09,NBA Head-to-head (Main),$60k,273.80,313.5,2,2,investdfs,10,0,/entry/FAPACBHSF,
S2731867726,nba,2022/01/08,NBA Beginner Mini Swat (Top 60 Win),$60k,268.50,,112,220,Tournament,1,0,/entry/CUVKSEKWE,
S2731866981,nba,2022/01/08,NBA Beginner Mini Swat (Top 60 Win),$60k,206,,188,220,Tournament,1,0,/entry/DASJBVXVS,
S2731862627,nba,2022/01/08,$15K Sat NBA Pick 'n Roll ($1.5K to 1st),$60k,206,,7999,8043,Tournament,2.22,0,/entry/BFCYZCVPO,
S2731859241,nba,2022/01/08,$15K Sat NBA Pick 'n Roll ($1.5K to 1st),$60k,268.50,,6308,8043,Tournament,2.22,0,/entry/DBGGTCSBG,
S2337439673,nba,2021/01/21,$10 NBA Head-To-Head (Beginners Only) ,$60k,246.30,0,2,2,2 player league,10,0,/entry/BABVJMPFX,
S2335559260,nba,2021/01/20,$20K Wed NBA Dime (Single Entry),$60k,329.40,,942,2344,Tournament,10,0,/entry/EKVTWXRGC,
S2335545696,nba,2021/01/20,$500K Wed NBA Clutch Shot ($100K to 1st),$60k,340.90,,36763,191077,Tournament,3,5.00,/entry/AQZLUMEMS,
S2334581612,nba,2021/01/19,$1M Tue NBA Clutch Shot ($200K to 1st),$60k,274.20,,40192,282596,Tournament,4,7.00,/entry/DQNLBUQFX,
S2324018076,nba,2021/01/14,$5 NBA Head-To-Head (Beginners Only) ,$60k,279.20,0,2,2,2 player league,5,0,/entry/AZOHTJVDQ,
S2322531875,nba,2021/01/13,$5 NBA Head-To-Head (Beginners Only) ,$60k,285.30,0,2,2,2 player league,5,0,/entry/CTNZBJBXP,
S2312790067,nfl,2021/01/09,NFL Beginner 50/50 ($5) (Sat Main),$60k,137.06,,1,20,20 player league,5,9.00,/entry/EQTAKDBAC,
S2309705983,nba,2021/01/07,$5 NBA Head-To-Head (Beginners Only) ,$60k,310.30,0,2,2,2 player league,5,0,/entry/EHCTTMHCN,
S2308740762,nba,2021/01/07,NBA Beginner Double Up ($2),$60k,290.20,,5,11,Tournament,2,4.00,/entry/BSUUJPQFJ,
S2307176150,nba,2021/01/06,$30K Wed NBA Dribbler (Single Entry),$60k,277.90,,10387,20518,Tournament,1,0,/entry/ALQTZVBTB,
S2292076229,nba,2020/12/29,$1M Tue NBA Clutch Shot ($200K to 1st),$60k,302.70,,122078,314430,Tournament,3,0,/entry/CUPRKOWEC,
S2079788452,nba,2020/07/30,$30K Thu NBA Fadeaway ($0.25 to Enter),$60k,225.90,,132316,143712,Tournament,0.25,0,/entry/AYAUJGNPL,
S2079787991,nba,2020/07/30,$30K Thu NBA Fadeaway ($0.25 to Enter),$60k,223.70,,133774,143712,Tournament,0.25,0,/entry/EAUEYFOGJ,
S2079787803,nba,2020/07/30,$30K Thu NBA Fadeaway ($0.25 to Enter),$60k,241.10,,115899,143712,Tournament,0.25,0,/entry/AWYZJTWVD,
S2079787560,nba,2020/07/30,$30K Thu NBA Fadeaway ($0.25 to Enter),$60k,251.70,,97619,143712,Tournament,0.25,0,/entry/ADEOJJCSR,
S2079561446,mlb,2020/07/30,MLB $5 50/50 Contest (Beginners Only) (All Day),$35k,36.60,,10,10,10 player league,5,0,/entry/BSXBEUZKY,
S2078885781,mlb,2020/07/29,$5 MLB Head-To-Head (Beginners Only) ,$35k,128.90,0,2,2,2 player league,5,0,/entry/BUMTXZUNQ,
S2078419473,mlb,2020/07/29,$2 MLB Head-To-Head (Beginners Only) ,$35k,147.20,0,1,2,2 player league,2,3.60,/entry/BNOATZWWF,
S2078078905,mlb,2020/07/29,MLB $2 Double Up (Beginners Only),$35k,91.80,,9,11,Tournament,2,0,/entry/CRMPCNAOL,
S2077825986,mlb,2020/07/28,MLB $5 50/50 Contest (Beginners Only) (LOS @ HOU),$35k,,,1,3,10 player league,5,0,/entry/CTQEWLUZJ, endedunmatched
S2077817657,mlb,2020/07/28,MLB $5 50/50 Contest (Beginners Only) (STL @ MIN),$35k,,,1,9,10 player league,5,0,/entry/BKIOWPDUP, endedunmatched
S2077124793,mlb,2020/07/28,$2 MLB Head-To-Head (Beginners Only) ,$35k,94.80,0,2,2,2 player league,2,0,/entry/BEZOQFQKB,
S2077123873,mlb,2020/07/28,MLB $2 Double Up (Beginners Only),$35k,94.80,,1,11,Tournament,2,4.00,/entry/ABAZOFJYR,
S2076612956,mlb,2020/07/27,MLB $2 Double Up (Beginners Only),$35k,136.70,,3,11,Tournament,2,4.00,/entry/ALTBAERBX,
S2076328177,nba,2020/07/30,$30K Thu NBA Fadeaway ($0.25 to Enter),$60k,226.90,,131628,143712,Tournament,0.25,0,/entry/DGLXUDDCZ,
S2076101493,mlb,2020/07/27,$2 MLB Head-To-Head (Beginners Only) ,$35k,75.50,0,1,2,2 player league,2,3.60,/entry/DSTRBEUHH,
S2076101421,mlb,2020/07/27,MLB $2 50/50 Contest (Beginners Only) (Early Only),$35k,75.50,,8,10,10 player league,2,0,/entry/BOPUWZCWR,
S2075723143,mlb,2020/07/26,$5 MLB Head-To-Head (Beginners Only) ,$35k,113.90,0,2,2,2 player league,5,0,/entry/DFXZFMOPN,
S2075509970,mlb,2020/07/26,MLB $2 Double Up (Beginners Only),$35k,122.80,,6,11,Tournament,2,0,/entry/ESYYDVKCS,
S2075507017,mlb,2020/07/26,MLB $2 Double Up (Beginners Only),$35k,169,,2,11,Tournament,2,4.00,/entry/EXUBPEBWW,
S2075073809,mlb,2020/07/25,$5 MLB Head-To-Head (Beginners Only) ,$35k,115.80,0,1,2,2 player league,5,9.00,/entry/EAGHPZRPL,
S2075072631,mlb,2020/07/25,MLB $1 50/50 Contest (Beginners Only) (ARI @ SDP),$35k,115.80,,1,10,10 player league,1,1.80,/entry/AJBMSAMZT,
S2074989155,mlb,2020/07/25,MLB $2 Double Up (Beginners Only),$35k,53.10,,10,11,Tournament,2,0,/entry/ADSMFUCYG,
S2074901218,mlb,2020/07/25,MLB $2 50/50 Contest (Beginners Only) (Late),$35k,58.10,,10,10,10 player league,2,0,/entry/BLKKKSDAT,
S2074463213,mlb,2020/07/25,MLB $5 50/50 Contest (Beginners Only) (Main),$35k,39.50,,10,10,10 player league,5,0,/entry/DRRWBZPLE,
S2074442492,mlb,2020/07/25,MLB Beginner Mini Squeeze (Top 30 Win),$35k,39.50,,109,110,Tournament,3,0,/entry/DVZCLDAKK,
S2074442388,mlb,2020/07/25,MLB Beginner Mini Squeeze (Top 30 Win),$35k,39.50,,109,110,Tournament,3,0,/entry/EMAFBKMWK,
S2074251428,mlb,2020/07/25,$5K Sat MLB EPE Squeeze (No Experienced Players),$35k,39.50,,1834,1851,Tournament,3,0,/entry/DEIHFNKKN,
S2073958432,mlb,2020/07/24,MLB $5 50/50 Contest (Beginners Only) (Early Only),$35k,107.80,,5,10,10 player league,5,9.00,/entry/AHZRTKFXU,
S2073943714,mlb,2020/07/24,MLB $10 50/50 Contest (Beginners Only) (Main),$35k,118,,6,10,10 player league,10,0,/entry/EZJTWHRMK,
S2073639388,mlb,2020/07/24,$3M Fri MLB The Return Rally ($1M to 1st),$35k,118,,326297,559054,Tournament,3,0,/entry/AOKOVDUDU,
S2073636683,mlb,2020/07/24,$3M Fri MLB The Return Rally ($1M to 1st),$35k,149.70,,150825,559054,Tournament,3,5.00,/entry/FFUQNLHQW,
